name,pos,team_id,age,height,weight,ovr,pot,spd,acc,agi,str,awr,injury_status,morale,stamina,thp,tha_s,tha_m,tha_d,tup,rel,rr,cth,cit,pbk,rbk,iblk,oblk,mcv,zcv,prs,pmv,fmv,bsh,purs,id
Hakeem Adeniji,OT,9,28,76,302,0,0,0,0,0,0,0,OK,50,80,0,0,0,0,0,0,0,0,0,0,0,0,0,0,0,0,0,0,0,0,1
Bryan Anger,P,9,36,75,202,0,0,0,0,0,0,0,OK,50,80,0,0,0,0,0,0,0,0,0,0,0,0,0,0,0,0,0,0,0,0,2
Brandon Aubrey,K,9,25,75,218,0,0,0,0,0,0,0,OK,50,80,0,0,0,0,0,0,0,0,0,0,0,0,0,0,0,0,0,0,0,0,3
Justin Barron,LB,9,25,76,235,0,0,0,0,0,0,0,OK,50,80,0,0,0,0,0,0,0,0,0,0,0,0,0,0,0,0,0,0,0,0,4
TJ Bass,G,9,25,77,325,0,0,0,0,0,0,0,OK,50,80,0,0,0,0,0,0,0,0,0,0,0,0,0,0,0,0,0,0,0,0,5
Cooper Beebe,C,9,24,76,330,0,0,0,0,0,0,0,OK,50,80,0,0,0,0,0,0,0,0,0,0,0,0,0,0,0,0,0,0,0,0,6
Markquese Bell,SAF,9,26,75,205,0,0,0,0,0,0,0,OK,50,80,0,0,0,0,0,0,0,0,0,0,0,0,0,0,0,0,0,0,0,0,7
DaRon Bland,CB,9,26,72,197,0,0,0,0,0,0,0,OK,50,80,0,0,0,0,0,0,0,0,0,0,0,0,0,0,0,0,0,0,0,0,8
Jaydon Blue,RB,9,25,69,198,0,0,0,0,0,0,0,OK,50,80,0,0,0,0,0,0,0,0,0,0,0,0,0,0,0,0,0,0,0,0,9
Tyler Booker,G,9,25,76,321,0,0,0,0,0,0,0,OK,50,80,0,0,0,0,0,0,0,0,0,0,0,0,0,0,0,0,0,0,0,0,10
Trikweze Bridges,CB,9,25,74,200,0,0,0,0,0,0,0,OK,50,80,0,0,0,0,0,0,0,0,0,0,0,0,0,0,0,0,0,0,0,0,11
Jalen Brooks,WR,9,25,73,203,0,0,0,0,0,0,0,OK,50,80,0,0,0,0,0,0,0,0,0,0,0,0,0,0,0,0,0,0,0,0,12
Earnest Brown,DE,9,25,77,270,0,0,0,0,0,0,0,OK,50,80,0,0,0,0,0,0,0,0,0,0,0,0,0,0,0,0,0,0,0,0,13
Josh Butler,CB,9,24,72,192,0,0,0,0,0,0,0,OK,50,80,0,0,0,0,0,0,0,0,0,0,0,0,0,0,0,0,0,0,0,0,14
Caelen Carson,CB,9,24,72,198,0,0,0,0,0,0,0,OK,50,80,0,0,0,0,0,0,0,0,0,0,0,0,0,0,0,0,0,0,0,0,15
Zion Childress,CB,9,25,71,203,0,0,0,0,0,0,0,OK,50,80,0,0,0,0,0,0,0,0,0,0,0,0,0,0,0,0,0,0,0,0,16
Geron Christian,OT,9,30,77,302,0,0,0,0,0,0,0,OK,50,80,0,0,0,0,0,0,0,0,0,0,0,0,0,0,0,0,0,0,0,0,17
Alijah Clark,SAF,9,25,73,200,0,0,0,0,0,0,0,OK,50,80,0,0,0,0,0,0,0,0,0,0,0,0,0,0,0,0,0,0,0,0,18
Damone Clark,LB,9,26,74,240,0,0,0,0,0,0,0,OK,50,80,0,0,0,0,0,0,0,0,0,0,0,0,0,0,0,0,0,0,0,0,19
Kenny Clark,NT,9,32,75,314,0,0,0,0,0,0,0,OK,50,80,0,0,0,0,0,0,0,0,0,0,0,0,0,0,0,0,0,0,0,0,20
Jadeveon Clowney,OLB,9,34,77,266,0,0,0,0,0,0,0,OK,50,80,0,0,0,0,0,0,0,0,0,0,0,0,0,0,0,0,0,0,0,0,21
Ajani Cornelius,OT,9,25,76,310,0,0,0,0,0,0,0,OK,50,80,0,0,0,0,0,0,0,0,0,0,0,0,0,0,0,0,0,0,0,0,22
Jalen Cropper,WR,9,23,71,180,0,0,0,0,0,0,0,OK,50,80,0,0,0,0,0,0,0,0,0,0,0,0,0,0,0,0,0,0,0,0,23
Malik Davis,RB,9,24,70,205,0,0,0,0,0,0,0,OK,50,80,0,0,0,0,0,0,0,0,0,0,0,0,0,0,0,0,0,0,0,0,24
Trevon Diggs,CB,9,28,73,195,0,0,0,0,0,0,0,OK,50,80,0,0,0,0,0,0,0,0,0,0,0,0,0,0,0,0,0,0,0,0,25
Kaiir Elam,CB,9,26,73,191,0,0,0,0,0,0,0,OK,50,80,0,0,0,0,0,0,0,0,0,0,0,0,0,0,0,0,0,0,0,0,26
Donovan Ezeiruaku,DE,9,25,74,248,0,0,0,0,0,0,0,OK,50,80,0,0,0,0,0,0,0,0,0,0,0,0,0,0,0,0,0,0,0,0,27
Rivaldo Fairweather,TE,9,25,75,249,0,0,0,0,0,0,0,OK,50,80,0,0,0,0,0,0,0,0,0,0,0,0,0,0,0,0,0,0,0,0,28
Princeton Fant,TE,9,24,74,245,0,0,0,0,0,0,0,OK,50,80,0,0,0,0,0,0,0,0,0,0,0,0,0,0,0,0,0,0,0,0,29
Jake Ferguson,TE,9,26,77,244,0,0,0,0,0,0,0,OK,50,80,0,0,0,0,0,0,0,0,0,0,0,0,0,0,0,0,0,0,0,0,30
Ryan Flournoy,WR,9,24,73,205,0,0,0,0,0,0,0,OK,50,80,0,0,0,0,0,0,0,0,0,0,0,0,0,0,0,0,0,0,0,0,31
Dante Fowler Jr.,DE,9,33,75,261,0,0,0,0,0,0,0,OK,50,80,0,0,0,0,0,0,0,0,0,0,0,0,0,0,0,0,0,0,0,0,32
Wesley French,C,9,26,76,307,0,0,0,0,0,0,0,OK,50,80,0,0,0,0,0,0,0,0,0,0,0,0,0,0,0,0,0,0,0,0,33
C.J. Goodwin,CB,9,32,75,190,0,0,0,0,0,0,0,OK,50,80,0,0,0,0,0,0,0,0,0,0,0,0,0,0,0,0,0,0,0,0,34
Will Grier,QB,9,28,73,212,0,0,0,0,0,0,0,OK,50,80,0,0,0,0,0,0,0,0,0,0,0,0,0,0,0,0,0,0,0,0,35
Tyler Guyton,OT,9,24,79,322,0,0,0,0,0,0,0,OK,50,80,0,0,0,0,0,0,0,0,0,0,0,0,0,0,0,0,0,0,0,0,36
Brock Hoffman,C,9,25,76,302,0,0,0,0,0,0,0,OK,50,80,0,0,0,0,0,0,0,0,0,0,0,0,0,0,0,0,0,0,0,0,37
Traeshon Holden,WR,9,25,74,208,0,0,0,0,0,0,0,OK,50,80,0,0,0,0,0,0,0,0,0,0,0,0,0,0,0,0,0,0,0,0,38
Malik Hooker,FS,9,31,73,212,0,0,0,0,0,0,0,OK,50,80,0,0,0,0,0,0,0,0,0,0,0,0,0,0,0,0,0,0,0,0,39
James Houston,DE,9,26,73,241,0,0,0,0,0,0,0,OK,50,80,0,0,0,0,0,0,0,0,0,0,0,0,0,0,0,0,0,0,0,0,40
Shemar James,LB,9,25,73,222,0,0,0,0,0,0,0,OK,50,80,0,0,0,0,0,0,0,0,0,0,0,0,0,0,0,0,0,0,0,0,41
Buddy Johnson,LB,9,26,74,240,0,0,0,0,0,0,0,OK,50,80,0,0,0,0,0,0,0,0,0,0,0,0,0,0,0,0,0,0,0,0,42
Robert Jones,G,9,27,76,321,0,0,0,0,0,0,0,OK,50,80,0,0,0,0,0,0,0,0,0,0,0,0,0,0,0,0,0,0,0,0,43
Trevor Keegan,G,9,24,77,306,0,0,0,0,0,0,0,OK,50,80,0,0,0,0,0,0,0,0,0,0,0,0,0,0,0,0,0,0,0,0,44
Marshawn Kneeland,DE,9,24,75,268,0,0,0,0,0,0,0,OK,50,80,0,0,0,0,0,0,0,0,0,0,0,0,0,0,0,0,0,0,0,0,45
CeeDee Lamb,WR,9,28,74,200,0,0,0,0,0,0,0,OK,50,80,0,0,0,0,0,0,0,0,0,0,0,0,0,0,0,0,0,0,0,0,46
Isaiah Land,DE,9,25,76,235,0,0,0,0,0,0,0,OK,50,80,0,0,0,0,0,0,0,0,0,0,0,0,0,0,0,0,0,0,0,0,47
Marist Liufau,LB,9,24,74,239,0,0,0,0,0,0,0,OK,50,80,0,0,0,0,0,0,0,0,0,0,0,0,0,0,0,0,0,0,0,0,48
Hunter Luepke,RB,9,25,73,238,0,0,0,0,0,0,0,OK,50,80,0,0,0,0,0,0,0,0,0,0,0,0,0,0,0,0,0,0,0,0,49
Phil Mafah,RB,9,25,73,232,0,0,0,0,0,0,0,OK,50,80,0,0,0,0,0,0,0,0,0,0,0,0,0,0,0,0,0,0,0,0,50
Christian Matthew,CB,9,26,74,195,0,0,0,0,0,0,0,OK,50,80,0,0,0,0,0,0,0,0,0,0,0,0,0,0,0,0,0,0,0,0,51
Joe Milton,QB,9,24,77,246,0,0,0,0,0,0,0,OK,50,80,0,0,0,0,0,0,0,0,0,0,0,0,0,0,0,0,0,0,0,0,52
Jonathan Mingo,WR,9,25,74,225,0,0,0,0,0,0,0,OK,50,80,0,0,0,0,0,0,0,0,0,0,0,0,0,0,0,0,0,0,0,0,53
"Kenneth Murray, Jr.",LB,9,28,74,241,0,0,0,0,0,0,0,OK,50,80,0,0,0,0,0,0,0,0,0,0,0,0,0,0,0,0,0,0,0,0,54
Adedayo Odeleye,DE,9,23,77,283,0,0,0,0,0,0,0,OK,50,80,0,0,0,0,0,0,0,0,0,0,0,0,0,0,0,0,0,0,0,0,55
Osa Odighizuwa,DT,9,27,74,280,0,0,0,0,0,0,0,OK,50,80,0,0,0,0,0,0,0,0,0,0,0,0,0,0,0,0,0,0,0,0,56
DeMarvion Overshown,LB,9,25,75,230,0,0,0,0,0,0,0,OK,50,80,0,0,0,0,0,0,0,0,0,0,0,0,0,0,0,0,0,0,0,0,57
George Pickens,WR,9,26,75,200,0,0,0,0,0,0,0,OK,50,80,0,0,0,0,0,0,0,0,0,0,0,0,0,0,0,0,0,0,0,0,58
Dak Prescott,QB,9,32,74,238,0,0,0,0,0,0,0,OK,50,80,0,0,0,0,0,0,0,0,0,0,0,0,0,0,0,0,0,0,0,0,59
Shavon Revel Jr.,CB,9,25,74,198,0,0,0,0,0,0,0,OK,50,80,0,0,0,0,0,0,0,0,0,0,0,0,0,0,0,0,0,0,0,0,60
Robert Rochell,CB,9,27,72,193,0,0,0,0,0,0,0,OK,50,80,0,0,0,0,0,0,0,0,0,0,0,0,0,0,0,0,0,0,0,0,61
Jack Sanborn,LB,9,26,74,234,0,0,0,0,0,0,0,OK,50,80,0,0,0,0,0,0,0,0,0,0,0,0,0,0,0,0,0,0,0,0,62
Miles Sanders,RB,9,29,71,211,0,0,0,0,0,0,0,OK,50,80,0,0,0,0,0,0,0,0,0,0,0,0,0,0,0,0,0,0,0,0,63
Luke Schoonmaker,TE,9,25,77,250,0,0,0,0,0,0,0,OK,50,80,0,0,0,0,0,0,0,0,0,0,0,0,0,0,0,0,0,0,0,0,64
Trent Sieg,LS,9,30,76,240,0,0,0,0,0,0,0,OK,50,80,0,0,0,0,0,0,0,0,0,0,0,0,0,0,0,0,0,0,0,0,65
Mazi Smith,DT,9,25,75,337,0,0,0,0,0,0,0,OK,50,80,0,0,0,0,0,0,0,0,0,0,0,0,0,0,0,0,0,0,0,0,66
Tyler Smith,OT,9,26,77,332,0,0,0,0,0,0,0,OK,50,80,0,0,0,0,0,0,0,0,0,0,0,0,0,0,0,0,0,0,0,0,67
Brevyn Spann-Ford,TE,9,24,79,270,0,0,0,0,0,0,0,OK,50,80,0,0,0,0,0,0,0,0,0,0,0,0,0,0,0,0,0,0,0,0,68
Terence Steele,OT,9,28,78,310,0,0,0,0,0,0,0,OK,50,80,0,0,0,0,0,0,0,0,0,0,0,0,0,0,0,0,0,0,0,0,69
John Stephens Jr.,TE,9,25,78,240,0,0,0,0,0,0,0,OK,50,80,0,0,0,0,0,0,0,0,0,0,0,0,0,0,0,0,0,0,0,0,70
Reddy Steward,DB,9,23,71,178,0,0,0,0,0,0,0,OK,50,80,0,0,0,0,0,0,0,0,0,0,0,0,0,0,0,0,0,0,0,0,71
Juanyeh Thomas,SAF,9,25,75,217,0,0,0,0,0,0,0,OK,50,80,0,0,0,0,0,0,0,0,0,0,0,0,0,0,0,0,0,0,0,0,72
Nathan Thomas,OT,9,24,77,330,0,0,0,0,0,0,0,OK,50,80,0,0,0,0,0,0,0,0,0,0,0,0,0,0,0,0,0,0,0,0,73
Solomon Thomas,DE,9,31,75,285,0,0,0,0,0,0,0,OK,50,80,0,0,0,0,0,0,0,0,0,0,0,0,0,0,0,0,0,0,0,0,74
Jay Toia,DT,9,25,74,342,0,0,0,0,0,0,0,OK,50,80,0,0,0,0,0,0,0,0,0,0,0,0,0,0,0,0,0,0,0,0,75
Jalen Tolbert,WR,9,26,73,195,0,0,0,0,0,0,0,OK,50,80,0,0,0,0,0,0,0,0,0,0,0,0,0,0,0,0,0,0,0,0,76
Payton Turner,DE,9,27,78,275,0,0,0,0,0,0,0,OK,50,80,0,0,0,0,0,0,0,0,0,0,0,0,0,0,0,0,0,0,0,0,77
KaVontae Turpin,WR,9,26,69,153,0,0,0,0,0,0,0,OK,50,80,0,0,0,0,0,0,0,0,0,0,0,0,0,0,0,0,0,0,0,0,78
Donovan Wilson,SAF,9,29,72,204,0,0,0,0,0,0,0,OK,50,80,0,0,0,0,0,0,0,0,0,0,0,0,0,0,0,0,0,0,0,0,79
Javonte Williams,RB,9,27,70,220,0,0,0,0,0,0,0,OK,50,80,0,0,0,0,0,0,0,0,0,0,0,0,0,0,0,0,0,0,0,0,80
Sam Williams,DE,9,26,76,261,0,0,0,0,0,0,0,OK,50,80,0,0,0,0,0,0,0,0,0,0,0,0,0,0,0,0,0,0,0,0,81
Perrion Winfrey,DT,9,24,76,290,0,0,0,0,0,0,0,OK,50,80,0,0,0,0,0,0,0,0,0,0,0,0,0,0,0,0,0,0,0,0,82
Felix Anudike-Uzomah,DE,16,25,76,255,0,0,0,0,0,0,0,OK,50,80,0,0,0,0,0,0,0,0,0,0,0,0,0,0,0,0,0,0,0,0,83
Matt Araiza,P,16,24,74,200,0,0,0,0,0,0,0,OK,50,80,0,0,0,0,0,0,0,0,0,0,0,0,0,0,0,0,0,0,0,0,84
Jeffrey Bassa,LB,16,25,74,235,0,0,0,0,0,0,0,OK,50,80,0,0,0,0,0,0,0,0,0,0,0,0,0,0,0,0,0,0,0,0,85
Nick Bolton,LB,16,27,71,237,0,0,0,0,0,0,0,OK,50,80,0,0,0,0,0,0,0,0,0,0,0,0,0,0,0,0,0,0,0,0,86
Jake Briningstool,TE,16,25,78,240,0,0,0,0,0,0,0,OK,50,80,0,0,0,0,0,0,0,0,0,0,0,0,0,0,0,0,0,0,0,0,87
Marquise Brown,WR,16,29,69,180,0,0,0,0,0,0,0,OK,50,80,0,0,0,0,0,0,0,0,0,0,0,0,0,0,0,0,0,0,0,0,88
Jason Brownlee,WR,16,24,75,202,0,0,0,0,0,0,0,OK,50,80,0,0,0,0,0,0,0,0,0,0,0,0,0,0,0,0,0,0,0,0,89
Deon Bush,SAF,16,31,72,200,0,0,0,0,0,0,0,OK,50,80,0,0,0,0,0,0,0,0,0,0,0,0,0,0,0,0,0,0,0,0,90
Harrison Butker,K,16,31,76,205,0,0,0,0,0,0,0,OK,50,80,0,0,0,0,0,0,0,0,0,0,0,0,0,0,0,0,0,0,0,0,91
Mike Caliendo,G,16,25,76,300,0,0,0,0,0,0,0,OK,50,80,0,0,0,0,0,0,0,0,0,0,0,0,0,0,0,0,0,0,0,0,92
Leo Chenal,LB,16,26,75,250,0,0,0,0,0,0,0,OK,50,80,0,0,0,0,0,0,0,0,0,0,0,0,0,0,0,0,0,0,0,0,93
Cole Christiansen,LB,16,24,73,230,0,0,0,0,0,0,0,OK,50,80,0,0,0,0,0,0,0,0,0,0,0,0,0,0,0,0,0,0,0,0,94
Jack Cochrane,LB,16,26,75,236,0,0,0,0,0,0,0,OK,50,80,0,0,0,0,0,0,0,0,0,0,0,0,0,0,0,0,0,0,0,0,95
Chamarri Conner,DB,16,25,72,202,0,0,0,0,0,0,0,OK,50,80,0,0,0,0,0,0,0,0,0,0,0,0,0,0,0,0,0,0,0,0,96
Bryan Cook,SAF,16,26,73,206,0,0,0,0,0,0,0,OK,50,80,0,0,0,0,0,0,0,0,0,0,0,0,0,0,0,0,0,0,0,0,97
Michael Danna,DE,16,28,74,257,0,0,0,0,0,0,0,OK,50,80,0,0,0,0,0,0,0,0,0,0,0,0,0,0,0,0,0,0,0,0,98
Ethan Downs,DE,16,25,76,260,0,0,0,0,0,0,0,OK,50,80,0,0,0,0,0,0,0,0,0,0,0,0,0,0,0,0,0,0,0,0,99
Ethan Driskell,OT,16,24,80,313,0,0,0,0,0,0,0,OK,50,80,0,0,0,0,0,0,0,0,0,0,0,0,0,0,0,0,0,0,0,0,100
Mike Edwards,SAF,16,29,70,205,0,0,0,0,0,0,0,OK,50,80,0,0,0,0,0,0,0,0,0,0,0,0,0,0,0,0,0,0,0,0,101
Clyde Edwards-Helaire,RB,16,28,67,207,0,0,0,0,0,0,0,OK,50,80,0,0,0,0,0,0,0,0,0,0,0,0,0,0,0,0,0,0,0,0,102
Kristian Fulton,CB,16,27,71,197,0,0,0,0,0,0,0,OK,50,80,0,0,0,0,0,0,0,0,0,0,0,0,0,0,0,0,0,0,0,0,103
Brandon George,LB,16,25,75,240,0,0,0,0,0,0,0,OK,50,80,0,0,0,0,0,0,0,0,0,0,0,0,0,0,0,0,0,0,0,0,104
Ashton Gillotte,DE,16,25,75,270,0,0,0,0,0,0,0,OK,50,80,0,0,0,0,0,0,0,0,0,0,0,0,0,0,0,0,0,0,0,0,105
Chukwuebuka Godrick,OT,16,23,77,293,0,0,0,0,0,0,0,OK,50,80,0,0,0,0,0,0,0,0,0,0,0,0,0,0,0,0,0,0,0,0,106
Noah Gray,TE,16,27,75,240,0,0,0,0,0,0,0,OK,50,80,0,0,0,0,0,0,0,0,0,0,0,0,0,0,0,0,0,0,0,0,107
C.J. Hanson,G,16,24,77,300,0,0,0,0,0,0,0,OK,50,80,0,0,0,0,0,0,0,0,0,0,0,0,0,0,0,0,0,0,0,0,108
Malik Herring,DE,16,27,75,275,0,0,0,0,0,0,0,OK,50,80,0,0,0,0,0,0,0,0,0,0,0,0,0,0,0,0,0,0,0,0,109
Jaden Hicks,SAF,16,24,73,215,0,0,0,0,0,0,0,OK,50,80,0,0,0,0,0,0,0,0,0,0,0,0,0,0,0,0,0,0,0,0,110
Jimmy Holiday,WR,16,25,73,211,0,0,0,0,0,0,0,OK,50,80,0,0,0,0,0,0,0,0,0,0,0,0,0,0,0,0,0,0,0,0,111
Creed Humphrey,C,16,27,76,302,0,0,0,0,0,0,0,OK,50,80,0,0,0,0,0,0,0,0,0,0,0,0,0,0,0,0,0,0,0,0,112
Kareem Hunt,RB,16,31,71,216,0,0,0,0,0,0,0,OK,50,80,0,0,0,0,0,0,0,0,0,0,0,0,0,0,0,0,0,0,0,0,113
Keaontay Ingram,RB,16,25,72,221,0,0,0,0,0,0,0,OK,50,80,0,0,0,0,0,0,0,0,0,0,0,0,0,0,0,0,0,0,0,0,114
Nazeeh Johnson,CB,16,26,70,199,0,0,0,0,0,0,0,OK,50,80,0,0,0,0,0,0,0,0,0,0,0,0,0,0,0,0,0,0,0,0,115
Chris Jones,DE,16,32,78,310,0,0,0,0,0,0,0,OK,50,80,0,0,0,0,0,0,0,0,0,0,0,0,0,0,0,0,0,0,0,0,116
George Karlaftis,DE,16,26,76,263,0,0,0,0,0,0,0,OK,50,80,0,0,0,0,0,0,0,0,0,0,0,0,0,0,0,0,0,0,0,0,117
Travis Kelce,TE,16,35,77,250,0,0,0,0,0,0,0,OK,50,80,0,0,0,0,0,0,0,0,0,0,0,0,0,0,0,0,0,0,0,0,118
Kevin Knowles,DB,16,25,71,190,0,0,0,0,0,0,0,OK,50,80,0,0,0,0,0,0,0,0,0,0,0,0,0,0,0,0,0,0,0,0,119
Patrick Mahomes,QB,16,31,74,225,0,0,0,0,0,0,0,OK,50,80,0,0,0,0,0,0,0,0,0,0,0,0,0,0,0,0,0,0,0,0,120
Brodric Martin,DT,16,25,77,326,0,0,0,0,0,0,0,OK,50,80,0,0,0,0,0,0,0,0,0,0,0,0,0,0,0,0,0,0,0,0,121
Cooper McDonald,LB,16,25,75,240,0,0,0,0,0,0,0,OK,50,80,0,0,0,0,0,0,0,0,0,0,0,0,0,0,0,0,0,0,0,0,122
Trent McDuffie,CB,16,26,71,193,0,0,0,0,0,0,0,OK,50,80,0,0,0,0,0,0,0,0,0,0,0,0,0,0,0,0,0,0,0,0,123
Gardner Minshew,QB,16,29,73,225,0,0,0,0,0,0,0,OK,50,80,0,0,0,0,0,0,0,0,0,0,0,0,0,0,0,0,0,0,0,0,124
Elijah Mitchell,RB,16,27,70,200,0,0,0,0,0,0,0,OK,50,80,0,0,0,0,0,0,0,0,0,0,0,0,0,0,0,0,0,0,0,0,125
Jaylon Moore,OT,16,27,76,311,0,0,0,0,0,0,0,OK,50,80,0,0,0,0,0,0,0,0,0,0,0,0,0,0,0,0,0,0,0,0,126
Wanya Morris,OT,16,25,78,307,0,0,0,0,0,0,0,OK,50,80,0,0,0,0,0,0,0,0,0,0,0,0,0,0,0,0,0,0,0,0,127
Derrick Nnadi,NT,16,30,73,317,0,0,0,0,0,0,0,OK,50,80,0,0,0,0,0,0,0,0,0,0,0,0,0,0,0,0,0,0,0,0,128
Omarr Norman-Lott,DT,16,25,75,315,0,0,0,0,0,0,0,OK,50,80,0,0,0,0,0,0,0,0,0,0,0,0,0,0,0,0,0,0,0,0,129
Hunter Nourzad,C,16,24,75,317,0,0,0,0,0,0,0,OK,50,80,0,0,0,0,0,0,0,0,0,0,0,0,0,0,0,0,0,0,0,0,130
Chris Oladokun,QB,16,23,73,213,0,0,0,0,0,0,0,OK,50,80,0,0,0,0,0,0,0,0,0,0,0,0,0,0,0,0,0,0,0,0,131
Charles Omenihu,DE,16,29,77,280,0,0,0,0,0,0,0,OK,50,80,0,0,0,0,0,0,0,0,0,0,0,0,0,0,0,0,0,0,0,0,132
Isiah Pacheco,RB,16,26,70,216,0,0,0,0,0,0,0,OK,50,80,0,0,0,0,0,0,0,0,0,0,0,0,0,0,0,0,0,0,0,0,133
Zacch Pickens,DT,16,25,76,303,0,0,0,0,0,0,0,OK,50,80,0,0,0,0,0,0,0,0,0,0,0,0,0,0,0,0,0,0,0,0,134
Hal Presley,WR,16,25,75,210,0,0,0,0,0,0,0,OK,50,80,0,0,0,0,0,0,0,0,0,0,0,0,0,0,0,0,0,0,0,0,135
Nikko Remigio,WR,16,23,69,187,0,0,0,0,0,0,0,OK,50,80,0,0,0,0,0,0,0,0,0,0,0,0,0,0,0,0,0,0,0,0,136
Rashee Rice,WR,16,25,73,203,0,0,0,0,0,0,0,OK,50,80,0,0,0,0,0,0,0,0,0,0,0,0,0,0,0,0,0,0,0,0,137
Jammie Robinson,SAF,16,25,71,195,0,0,0,0,0,0,0,OK,50,80,0,0,0,0,0,0,0,0,0,0,0,0,0,0,0,0,0,0,0,0,138
Janarius Robinson,DE,16,27,77,263,0,0,0,0,0,0,0,OK,50,80,0,0,0,0,0,0,0,0,0,0,0,0,0,0,0,0,0,0,0,0,139
Christian Roland-Wallace,CB,16,24,71,202,0,0,0,0,0,0,0,OK,50,80,0,0,0,0,0,0,0,0,0,0,0,0,0,0,0,0,0,0,0,0,140
Jalen Royals,WR,16,25,72,195,0,0,0,0,0,0,0,OK,50,80,0,0,0,0,0,0,0,0,0,0,0,0,0,0,0,0,0,0,0,0,141
Eric Scott Jr.,CB,16,24,74,202,0,0,0,0,0,0,0,OK,50,80,0,0,0,0,0,0,0,0,0,0,0,0,0,0,0,0,0,0,0,0,142
Josh Simmons,OT,16,25,77,310,0,0,0,0,0,0,0,OK,50,80,0,0,0,0,0,0,0,0,0,0,0,0,0,0,0,0,0,0,0,0,143
Brashard Smith,RB,16,25,70,196,0,0,0,0,0,0,0,OK,50,80,0,0,0,0,0,0,0,0,0,0,0,0,0,0,0,0,0,0,0,0,144
Trey Smith,G,16,27,78,321,0,0,0,0,0,0,0,OK,50,80,0,0,0,0,0,0,0,0,0,0,0,0,0,0,0,0,0,0,0,0,145
Tyreke Smith,LB,16,25,75,255,0,0,0,0,0,0,0,OK,50,80,0,0,0,0,0,0,0,0,0,0,0,0,0,0,0,0,0,0,0,0,146
Melvin Smith Jr.,CB,16,25,73,185,0,0,0,0,0,0,0,OK,50,80,0,0,0,0,0,0,0,0,0,0,0,0,0,0,0,0,0,0,0,0,147
JuJu Smith-Schuster,WR,16,31,73,215,0,0,0,0,0,0,0,OK,50,80,0,0,0,0,0,0,0,0,0,0,0,0,0,0,0,0,0,0,0,0,148
Carson Steele,RB,16,24,72,228,0,0,0,0,0,0,0,OK,50,80,0,0,0,0,0,0,0,0,0,0,0,0,0,0,0,0,0,0,0,0,149
Kingsley Suamataia,OT,16,24,76,326,0,0,0,0,0,0,0,OK,50,80,0,0,0,0,0,0,0,0,0,0,0,0,0,0,0,0,0,0,0,0,150
Jawaan Taylor,OT,16,29,77,330,0,0,0,0,0,0,0,OK,50,80,0,0,0,0,0,0,0,0,0,0,0,0,0,0,0,0,0,0,0,0,151
BJ Thompson,DE,16,25,78,243,0,0,0,0,0,0,0,OK,50,80,0,0,0,0,0,0,0,0,0,0,0,0,0,0,0,0,0,0,0,0,152
Tyquan Thornton,WR,16,26,74,185,0,0,0,0,0,0,0,OK,50,80,0,0,0,0,0,0,0,0,0,0,0,0,0,0,0,0,0,0,0,0,153
Jerry Tillery,DT,16,29,78,295,0,0,0,0,0,0,0,OK,50,80,0,0,0,0,0,0,0,0,0,0,0,0,0,0,0,0,0,0,0,0,154
Robert Tonyan,TE,16,29,77,240,0,0,0,0,0,0,0,OK,50,80,0,0,0,0,0,0,0,0,0,0,0,0,0,0,0,0,0,0,0,0,155
Drue Tranquill,LB,16,29,74,234,0,0,0,0,0,0,0,OK,50,80,0,0,0,0,0,0,0,0,0,0,0,0,0,0,0,0,0,0,0,0,156
Marlon Tuipulotu,DT,16,27,74,307,0,0,0,0,0,0,0,OK,50,80,0,0,0,0,0,0,0,0,0,0,0,0,0,0,0,0,0,0,0,0,157
Jaylen Watson,CB,16,26,74,197,0,0,0,0,0,0,0,OK,50,80,0,0,0,0,0,0,0,0,0,0,0,0,0,0,0,0,0,0,0,0,158
Tre Watson,TE,16,25,77,250,0,0,0,0,0,0,0,OK,50,80,0,0,0,0,0,0,0,0,0,0,0,0,0,0,0,0,0,0,0,0,159
Jared Wiley,TE,16,24,78,249,0,0,0,0,0,0,0,OK,50,80,0,0,0,0,0,0,0,0,0,0,0,0,0,0,0,0,0,0,0,0,160
Joshua Williams,CB,16,26,75,193,0,0,0,0,0,0,0,OK,50,80,0,0,0,0,0,0,0,0,0,0,0,0,0,0,0,0,0,0,0,0,161
Nohl Williams,CB,16,25,73,200,0,0,0,0,0,0,0,OK,50,80,0,0,0,0,0,0,0,0,0,0,0,0,0,0,0,0,0,0,0,0,162
James Winchester,LS,16,33,75,240,0,0,0,0,0,0,0,OK,50,80,0,0,0,0,0,0,0,0,0,0,0,0,0,0,0,0,0,0,0,0,163
Xavier Worthy,WR,16,24,71,165,0,0,0,0,0,0,0,OK,50,80,0,0,0,0,0,0,0,0,0,0,0,0,0,0,0,0,0,0,0,0,164
Josh Allen,QB,4,30,77,237,0,0,0,0,0,0,0,OK,50,80,0,0,0,0,0,0,0,0,0,0,0,0,0,0,0,0,0,0,0,0,165
Alec Anderson,OT,4,25,77,305,0,0,0,0,0,0,0,OK,50,80,0,0,0,0,0,0,0,0,0,0,0,0,0,0,0,0,0,0,0,0,166
Joe Andreessen,LB,4,24,72,232,0,0,0,0,0,0,0,OK,50,80,0,0,0,0,0,0,0,0,0,0,0,0,0,0,0,0,0,0,0,0,167
Tyler Bass,K,4,28,70,183,0,0,0,0,0,0,0,OK,50,80,0,0,0,0,0,0,0,0,0,0,0,0,0,0,0,0,0,0,0,0,168
Christian Benford,CB,4,26,73,205,0,0,0,0,0,0,0,OK,50,80,0,0,0,0,0,0,0,0,0,0,0,0,0,0,0,0,0,0,0,0,169
Terrel Bernard,LB,4,26,73,224,0,0,0,0,0,0,0,OK,50,80,0,0,0,0,0,0,0,0,0,0,0,0,0,0,0,0,0,0,0,0,170
Cole Bishop,SAF,4,24,74,207,0,0,0,0,0,0,0,OK,50,80,0,0,0,0,0,0,0,0,0,0,0,0,0,0,0,0,0,0,0,0,171
Joey Bosa,DE,4,32,77,280,0,0,0,0,0,0,0,OK,50,80,0,0,0,0,0,0,0,0,0,0,0,0,0,0,0,0,0,0,0,0,172
Spencer Brown,OT,4,27,80,311,0,0,0,0,0,0,0,OK,50,80,0,0,0,0,0,0,0,0,0,0,0,0,0,0,0,0,0,0,0,0,173
Shane Buechele,QB,4,26,72,210,0,0,0,0,0,0,0,OK,50,80,0,0,0,0,0,0,0,0,0,0,0,0,0,0,0,0,0,0,0,0,174
DeWayne Carter,DT,4,24,74,305,0,0,0,0,0,0,0,OK,50,80,0,0,0,0,0,0,0,0,0,0,0,0,0,0,0,0,0,0,0,0,175
Jimmy Ciarlo,LB,4,24,74,225,0,0,0,0,0,0,0,OK,50,80,0,0,0,0,0,0,0,0,0,0,0,0,0,0,0,0,0,0,0,0,176
Travis Clayton,OT,4,24,79,301,0,0,0,0,0,0,0,OK,50,80,0,0,0,0,0,0,0,0,0,0,0,0,0,0,0,0,0,0,0,0,177
Brandon Codrington,CB,4,24,69,185,0,0,0,0,0,0,0,OK,50,80,0,0,0,0,0,0,0,0,0,0,0,0,0,0,0,0,0,0,0,0,178
Keon Coleman,WR,4,24,76,215,0,0,0,0,0,0,0,OK,50,80,0,0,0,0,0,0,0,0,0,0,0,0,0,0,0,0,0,0,0,0,179
James Cook,RB,4,26,71,190,0,0,0,0,0,0,0,OK,50,80,0,0,0,0,0,0,0,0,0,0,0,0,0,0,0,0,0,0,0,0,180
Gabe Davis,WR,4,28,74,225,0,0,0,0,0,0,0,OK,50,80,0,0,0,0,0,0,0,0,0,0,0,0,0,0,0,0,0,0,0,0,181
Ray Davis,RB,4,24,68,220,0,0,0,0,0,0,0,OK,50,80,0,0,0,0,0,0,0,0,0,0,0,0,0,0,0,0,0,0,0,0,182
Dion Dawkins,OT,4,31,77,320,0,0,0,0,0,0,0,OK,50,80,0,0,0,0,0,0,0,0,0,0,0,0,0,0,0,0,0,0,0,0,183
David Edwards,G,4,29,78,308,0,0,0,0,0,0,0,OK,50,80,0,0,0,0,0,0,0,0,0,0,0,0,0,0,0,0,0,0,0,0,184
A.J. Epenesa,DE,4,28,78,260,0,0,0,0,0,0,0,OK,50,80,0,0,0,0,0,0,0,0,0,0,0,0,0,0,0,0,0,0,0,0,185
Dan Feeney,G,4,31,76,310,0,0,0,0,0,0,0,OK,50,80,0,0,0,0,0,0,0,0,0,0,0,0,0,0,0,0,0,0,0,0,186
Reid Ferguson,LS,4,31,74,235,0,0,0,0,0,0,0,OK,50,80,0,0,0,0,0,0,0,0,0,0,0,0,0,0,0,0,0,0,0,0,187
Sam Franklin Jr.,SAF,4,28,75,210,0,0,0,0,0,0,0,OK,50,80,0,0,0,0,0,0,0,0,0,0,0,0,0,0,0,0,0,0,0,0,188
Reggie Gilliam,FB,4,28,72,244,0,0,0,0,0,0,0,OK,50,80,0,0,0,0,0,0,0,0,0,0,0,0,0,0,0,0,0,0,0,0,189
Frank Gore Jr.,RB,4,23,68,201,0,0,0,0,0,0,0,OK,50,80,0,0,0,0,0,0,0,0,0,0,0,0,0,0,0,0,0,0,0,0,190
Stephen Gosnell,WR,4,25,73,198,0,0,0,0,0,0,0,OK,50,80,0,0,0,0,0,0,0,0,0,0,0,0,0,0,0,0,0,0,0,0,191
Tylan Grable,OT,4,24,77,313,0,0,0,0,0,0,0,OK,50,80,0,0,0,0,0,0,0,0,0,0,0,0,0,0,0,0,0,0,0,0,192
Kendrick Green,G,4,27,75,310,0,0,0,0,0,0,0,OK,50,80,0,0,0,0,0,0,0,0,0,0,0,0,0,0,0,0,0,0,0,0,193
Shaq Thompson,OLB,4,33,72,230,0,0,0,0,0,0,0,OK,50,80,0,0,0,0,0,0,0,0,0,0,0,0,0,0,0,0,0,0,0,0,194
Maxwell Hairston,CB,4,25,71,192,0,0,0,0,0,0,0,OK,50,80,0,0,0,0,0,0,0,0,0,0,0,0,0,0,0,0,0,0,0,0,195
Damar Hamlin,SAF,4,27,72,200,0,0,0,0,0,0,0,OK,50,80,0,0,0,0,0,0,0,0,0,0,0,0,0,0,0,0,0,0,0,0,196
Jordan Hancock,CB,4,25,73,195,0,0,0,0,0,0,0,OK,50,80,0,0,0,0,0,0,0,0,0,0,0,0,0,0,0,0,0,0,0,0,197
Jackson Hawes,TE,4,25,76,253,0,0,0,0,0,0,0,OK,50,80,0,0,0,0,0,0,0,0,0,0,0,0,0,0,0,0,0,0,0,0,198
Michael Hoecht,DE,4,27,76,267,0,0,0,0,0,0,0,OK,50,80,0,0,0,0,0,0,0,0,0,0,0,0,0,0,0,0,0,0,0,0,199
Ja'Marcus Ingram,CB,4,24,74,190,0,0,0,0,0,0,0,OK,50,80,0,0,0,0,0,0,0,0,0,0,0,0,0,0,0,0,0,0,0,0,200
Dane Jackson,CB,4,28,71,180,0,0,0,0,0,0,0,OK,50,80,0,0,0,0,0,0,0,0,0,0,0,0,0,0,0,0,0,0,0,0,201
Landon Jackson,DE,4,25,78,264,0,0,0,0,0,0,0,OK,50,80,0,0,0,0,0,0,0,0,0,0,0,0,0,0,0,0,0,0,0,0,202
Keonta Jenkins,LB,4,25,74,211,0,0,0,0,0,0,0,OK,50,80,0,0,0,0,0,0,0,0,0,0,0,0,0,0,0,0,0,0,0,0,203
Ty Johnson,RB,4,29,70,210,0,0,0,0,0,0,0,OK,50,80,0,0,0,0,0,0,0,0,0,0,0,0,0,0,0,0,0,0,0,0,204
Taron Johnson,CB,4,30,71,192,0,0,0,0,0,0,0,OK,50,80,0,0,0,0,0,0,0,0,0,0,0,0,0,0,0,0,0,0,0,0,205
Cameron Johnston,P,4,30,71,194,0,0,0,0,0,0,0,OK,50,80,0,0,0,0,0,0,0,0,0,0,0,0,0,0,0,0,0,0,0,0,206
DaQuan Jones,DT,4,34,76,320,0,0,0,0,0,0,0,OK,50,80,0,0,0,0,0,0,0,0,0,0,0,0,0,0,0,0,0,0,0,0,207
Andre Jones Jr.,DE,4,24,77,258,0,0,0,0,0,0,0,OK,50,80,0,0,0,0,0,0,0,0,0,0,0,0,0,0,0,0,0,0,0,0,208
Jalen Kimber,CB,4,25,72,184,0,0,0,0,0,0,0,OK,50,80,0,0,0,0,0,0,0,0,0,0,0,0,0,0,0,0,0,0,0,0,209
Dalton Kincaid,TE,4,25,75,240,0,0,0,0,0,0,0,OK,50,80,0,0,0,0,0,0,0,0,0,0,0,0,0,0,0,0,0,0,0,0,210
Dawson Knox,TE,4,29,76,254,0,0,0,0,0,0,0,OK,50,80,0,0,0,0,0,0,0,0,0,0,0,0,0,0,0,0,0,0,0,0,211
Keleki Latu,TE,4,25,78,249,0,0,0,0,0,0,0,OK,50,80,0,0,0,0,0,0,0,0,0,0,0,0,0,0,0,0,0,0,0,0,212
Cam Lewis,CB,4,28,69,183,0,0,0,0,0,0,0,OK,50,80,0,0,0,0,0,0,0,0,0,0,0,0,0,0,0,0,0,0,0,0,213
Zion Logue,DT,4,23,78,325,0,0,0,0,0,0,0,OK,50,80,0,0,0,0,0,0,0,0,0,0,0,0,0,0,0,0,0,0,0,0,214
Chase Lundt,OT,4,25,79,304,0,0,0,0,0,0,0,OK,50,80,0,0,0,0,0,0,0,0,0,0,0,0,0,0,0,0,0,0,0,0,215
Phidarian Mathis,DT,4,26,76,312,0,0,0,0,0,0,0,OK,50,80,0,0,0,0,0,0,0,0,0,0,0,0,0,0,0,0,0,0,0,0,216
Connor McGovern,C,4,29,78,318,0,0,0,0,0,0,0,OK,50,80,0,0,0,0,0,0,0,0,0,0,0,0,0,0,0,0,0,0,0,0,217
Matt Milano,OLB,4,31,72,223,0,0,0,0,0,0,0,OK,50,80,0,0,0,0,0,0,0,0,0,0,0,0,0,0,0,0,0,0,0,0,218
Elijah Moore,WR,4,27,70,180,0,0,0,0,0,0,0,OK,50,80,0,0,0,0,0,0,0,0,0,0,0,0,0,0,0,0,0,0,0,0,219
Larry Ogunjobi,DT,4,31,75,305,0,0,0,0,0,0,0,OK,50,80,0,0,0,0,0,0,0,0,0,0,0,0,0,0,0,0,0,0,0,0,220
Ed Oliver,DT,4,29,73,287,0,0,0,0,0,0,0,OK,50,80,0,0,0,0,0,0,0,0,0,0,0,0,0,0,0,0,0,0,0,0,221
Wande Owens,SAF,4,25,71,205,0,0,0,0,0,0,0,OK,50,80,0,0,0,0,0,0,0,0,0,0,0,0,0,0,0,0,0,0,0,0,222
Josh Palmer,WR,4,27,73,210,0,0,0,0,0,0,0,OK,50,80,0,0,0,0,0,0,0,0,0,0,0,0,0,0,0,0,0,0,0,0,223
Jordan Phillips,DT,4,33,78,330,0,0,0,0,0,0,0,OK,50,80,0,0,0,0,0,0,0,0,0,0,0,0,0,0,0,0,0,0,0,0,224
Jordan Poyer,FS,4,35,72,191,0,0,0,0,0,0,0,OK,50,80,0,0,0,0,0,0,0,0,0,0,0,0,0,0,0,0,0,0,0,0,225
Matt Prater,K,4,41,70,201,0,0,0,0,0,0,0,OK,50,80,0,0,0,0,0,0,0,0,0,0,0,0,0,0,0,0,0,0,0,0,226
Taylor Rapp,SAF,4,29,72,208,0,0,0,0,0,0,0,OK,50,80,0,0,0,0,0,0,0,0,0,0,0,0,0,0,0,0,0,0,0,0,227
Brad Robbins,P,4,24,73,203,0,0,0,0,0,0,0,OK,50,80,0,0,0,0,0,0,0,0,0,0,0,0,0,0,0,0,0,0,0,0,228
Greg Rousseau,DE,4,27,78,266,0,0,0,0,0,0,0,OK,50,80,0,0,0,0,0,0,0,0,0,0,0,0,0,0,0,0,0,0,0,0,229
Curtis Samuel,WR,4,31,71,195,0,0,0,0,0,0,0,OK,50,80,0,0,0,0,0,0,0,0,0,0,0,0,0,0,0,0,0,0,0,0,230
T.J. Sanders,DT,4,25,76,297,0,0,0,0,0,0,0,OK,50,80,0,0,0,0,0,0,0,0,0,0,0,0,0,0,0,0,0,0,0,0,231
Khalil Shakir,WR,4,26,72,190,0,0,0,0,0,0,0,OK,50,80,0,0,0,0,0,0,0,0,0,0,0,0,0,0,0,0,0,0,0,0,232
Tyrell Shavers,WR,4,23,76,211,0,0,0,0,0,0,0,OK,50,80,0,0,0,0,0,0,0,0,0,0,0,0,0,0,0,0,0,0,0,0,233
Javon Solomon,DE,4,24,73,246,0,0,0,0,0,0,0,OK,50,80,0,0,0,0,0,0,0,0,0,0,0,0,0,0,0,0,0,0,0,0,234
Dorian Strong,CB,4,25,72,185,0,0,0,0,0,0,0,OK,50,80,0,0,0,0,0,0,0,0,0,0,0,0,0,0,0,0,0,0,0,0,235
O'Cyrus Torrence,G,4,25,77,347,0,0,0,0,0,0,0,OK,50,80,0,0,0,0,0,0,0,0,0,0,0,0,0,0,0,0,0,0,0,0,236
Mitchell Trubisky,QB,4,31,74,222,0,0,0,0,0,0,0,OK,50,80,0,0,0,0,0,0,0,0,0,0,0,0,0,0,0,0,0,0,0,0,237
Ryan Van Demark,OT,4,25,78,307,0,0,0,0,0,0,0,OK,50,80,0,0,0,0,0,0,0,0,0,0,0,0,0,0,0,0,0,0,0,0,238
Sedrick Van Pran-Granger,C,4,24,76,310,0,0,0,0,0,0,0,OK,50,80,0,0,0,0,0,0,0,0,0,0,0,0,0,0,0,0,0,0,0,0,239
Deone Walker,DT,4,25,79,331,0,0,0,0,0,0,0,OK,50,80,0,0,0,0,0,0,0,0,0,0,0,0,0,0,0,0,0,0,0,0,240
Tre'Davious White,CB,4,31,71,192,0,0,0,0,0,0,0,OK,50,80,0,0,0,0,0,0,0,0,0,0,0,0,0,0,0,0,0,0,0,0,241
Kristian Wilkerson,WR,4,25,73,214,0,0,0,0,0,0,0,OK,50,80,0,0,0,0,0,0,0,0,0,0,0,0,0,0,0,0,0,0,0,0,242
Dorian Williams,LB,4,25,73,230,0,0,0,0,0,0,0,OK,50,80,0,0,0,0,0,0,0,0,0,0,0,0,0,0,0,0,0,0,0,0,243
Brandon Aiyuk,WR,28,28,72,200,0,0,0,0,0,0,0,OK,50,80,0,0,0,0,0,0,0,0,0,0,0,0,0,0,0,0,0,0,0,0,244
Isaac Alarcon,OT,28,23,79,320,0,0,0,0,0,0,0,OK,50,80,0,0,0,0,0,0,0,0,0,0,0,0,0,0,0,0,0,0,0,0,245
Evan Anderson,DL,28,24,75,326,0,0,0,0,0,0,0,OK,50,80,0,0,0,0,0,0,0,0,0,0,0,0,0,0,0,0,0,0,0,0,246
Robbie Chosen,WR,28,31,75,185,0,0,0,0,0,0,0,OK,50,80,0,0,0,0,0,0,0,0,0,0,0,0,0,0,0,0,0,0,0,0,247
Eli Apple,CB,28,32,73,203,0,0,0,0,0,0,0,OK,50,80,0,0,0,0,0,0,0,0,0,0,0,0,0,0,0,0,0,0,0,0,248
Ben Bartch,OT,28,28,78,315,0,0,0,0,0,0,0,OK,50,80,0,0,0,0,0,0,0,0,0,0,0,0,0,0,0,0,0,0,0,0,249
Robert Beal Jr.,DE,28,25,76,250,0,0,0,0,0,0,0,OK,50,80,0,0,0,0,0,0,0,0,0,0,0,0,0,0,0,0,0,0,0,0,250
Junior Bergen,WR,28,25,69,184,0,0,0,0,0,0,0,OK,50,80,0,0,0,0,0,0,0,0,0,0,0,0,0,0,0,0,0,0,0,0,251
Tatum Bethune,LB,28,24,72,230,0,0,0,0,0,0,0,OK,50,80,0,0,0,0,0,0,0,0,0,0,0,0,0,0,0,0,0,0,0,0,252
Nick Bosa,DE,28,29,76,266,0,0,0,0,0,0,0,OK,50,80,0,0,0,0,0,0,0,0,0,0,0,0,0,0,0,0,0,0,0,0,253
Kendrick Bourne,WR,28,31,73,205,0,0,0,0,0,0,0,OK,50,80,0,0,0,0,0,0,0,0,0,0,0,0,0,0,0,0,0,0,0,0,254
Jake Brendel,C,28,30,76,299,0,0,0,0,0,0,0,OK,50,80,0,0,0,0,0,0,0,0,0,0,0,0,0,0,0,0,0,0,0,0,255
Ji'Ayir Brown,SAF,28,25,71,202,0,0,0,0,0,0,0,OK,50,80,0,0,0,0,0,0,0,0,0,0,0,0,0,0,0,0,0,0,0,0,256
Spencer Burford,OT,28,26,76,300,0,0,0,0,0,0,0,OK,50,80,0,0,0,0,0,0,0,0,0,0,0,0,0,0,0,0,0,0,0,0,257
Derrick Canteen,CB,28,25,70,193,0,0,0,0,0,0,0,OK,50,80,0,0,0,0,0,0,0,0,0,0,0,0,0,0,0,0,0,0,0,0,258
Connor Colby,G,28,25,77,309,0,0,0,0,0,0,0,OK,50,80,0,0,0,0,0,0,0,0,0,0,0,0,0,0,0,0,0,0,0,0,259
Alfred Collins,DT,28,25,77,332,0,0,0,0,0,0,0,OK,50,80,0,0,0,0,0,0,0,0,0,0,0,0,0,0,0,0,0,0,0,0,260
Jacob Cowing,WR,28,24,69,170,0,0,0,0,0,0,0,OK,50,80,0,0,0,0,0,0,0,0,0,0,0,0,0,0,0,0,0,0,0,0,261
Kalia Davis,DT,28,26,74,310,0,0,0,0,0,0,0,OK,50,80,0,0,0,0,0,0,0,0,0,0,0,0,0,0,0,0,0,0,0,0,262
Jordan Elliott,DT,28,28,76,302,0,0,0,0,0,0,0,OK,50,80,0,0,0,0,0,0,0,0,0,0,0,0,0,0,0,0,0,0,0,0,263
Luke Farrell,TE,28,27,77,250,0,0,0,0,0,0,0,OK,50,80,0,0,0,0,0,0,0,0,0,0,0,0,0,0,0,0,0,0,0,0,264
Russell Gage,WR,28,29,72,184,0,0,0,0,0,0,0,OK,50,80,0,0,0,0,0,0,0,0,0,0,0,0,0,0,0,0,0,0,0,0,265
Luke Gifford,LB,28,29,75,242,0,0,0,0,0,0,0,OK,50,80,0,0,0,0,0,0,0,0,0,0,0,0,0,0,0,0,0,0,0,0,266
Trevis Gipson,LB,28,28,76,263,0,0,0,0,0,0,0,OK,50,80,0,0,0,0,0,0,0,0,0,0,0,0,0,0,0,0,0,0,0,0,267
Kevin Givens,DT,28,28,73,285,0,0,0,0,0,0,0,OK,50,80,0,0,0,0,0,0,0,0,0,0,0,0,0,0,0,0,0,0,0,0,268
Jalen Graham,LB,28,25,75,220,0,0,0,0,0,0,0,OK,50,80,0,0,0,0,0,0,0,0,0,0,0,0,0,0,0,0,0,0,0,0,269
Renardo Green,CB,28,24,72,186,0,0,0,0,0,0,0,OK,50,80,0,0,0,0,0,0,0,0,0,0,0,0,0,0,0,0,0,0,0,0,270
Yetur Gross-Matos,DE,28,28,77,265,0,0,0,0,0,0,0,OK,50,80,0,0,0,0,0,0,0,0,0,0,0,0,0,0,0,0,0,0,0,0,271
Isaac Guerendo,RB,28,24,72,221,0,0,0,0,0,0,0,OK,50,80,0,0,0,0,0,0,0,0,0,0,0,0,0,0,0,0,0,0,0,0,272
Matt Hennessy,C,28,28,75,315,0,0,0,0,0,0,0,OK,50,80,0,0,0,0,0,0,0,0,0,0,0,0,0,0,0,0,0,0,0,0,273
Tre Tomlinson,CB,28,25,69,177,0,0,0,0,0,0,0,OK,50,80,0,0,0,0,0,0,0,0,0,0,0,0,0,0,0,0,0,0,0,0,274
Bryce Huff,DE,28,28,75,255,0,0,0,0,0,0,0,OK,50,80,0,0,0,0,0,0,0,0,0,0,0,0,0,0,0,0,0,0,0,0,275
Tarron Jackson,DE,28,25,74,254,0,0,0,0,0,0,0,OK,50,80,0,0,0,0,0,0,0,0,0,0,0,0,0,0,0,0,0,0,0,0,276
Jordan James,RB,28,25,69,208,0,0,0,0,0,0,0,OK,50,80,0,0,0,0,0,0,0,0,0,0,0,0,0,0,0,0,0,0,0,0,277
Jordan Jefferson,DT,28,24,74,316,0,0,0,0,0,0,0,OK,50,80,0,0,0,0,0,0,0,0,0,0,0,0,0,0,0,0,0,0,0,0,278
Jauan Jennings,WR,28,27,75,212,0,0,0,0,0,0,0,OK,50,80,0,0,0,0,0,0,0,0,0,0,0,0,0,0,0,0,0,0,0,0,279
Mac Jones,QB,28,27,75,220,0,0,0,0,0,0,0,OK,50,80,0,0,0,0,0,0,0,0,0,0,0,0,0,0,0,0,0,0,0,0,280
Kyle Juszczyk,FB,28,35,74,235,0,0,0,0,0,0,0,OK,50,80,0,0,0,0,0,0,0,0,0,0,0,0,0,0,0,0,0,0,0,0,281
George Kittle,TE,28,31,76,250,0,0,0,0,0,0,0,OK,50,80,0,0,0,0,0,0,0,0,0,0,0,0,0,0,0,0,0,0,0,0,282
Deommodore Lenoir,CB,28,27,70,200,0,0,0,0,0,0,0,OK,50,80,0,0,0,0,0,0,0,0,0,0,0,0,0,0,0,0,0,0,0,0,283
Chase Lucas,CB,28,25,71,184,0,0,0,0,0,0,0,OK,50,80,0,0,0,0,0,0,0,0,0,0,0,0,0,0,0,0,0,0,0,0,284
Darrell Luter Jr.,CB,28,25,72,190,0,0,0,0,0,0,0,OK,50,80,0,0,0,0,0,0,0,0,0,0,0,0,0,0,0,0,0,0,0,0,285
Nick Martin,LB,28,25,71,221,0,0,0,0,0,0,0,OK,50,80,0,0,0,0,0,0,0,0,0,0,0,0,0,0,0,0,0,0,0,0,286
Adrian Martinez,QB,28,23,74,220,0,0,0,0,0,0,0,OK,50,80,0,0,0,0,0,0,0,0,0,0,0,0,0,0,0,0,0,0,0,0,287
Christian McCaffrey,RB,28,31,71,210,0,0,0,0,0,0,0,OK,50,80,0,0,0,0,0,0,0,0,0,0,0,0,0,0,0,0,0,0,0,0,288
Sincere McCormick,RB,28,25,69,205,0,0,0,0,0,0,0,OK,50,80,0,0,0,0,0,0,0,0,0,0,0,0,0,0,0,0,0,0,0,0,289
Colton McKivitz,OT,28,28,78,301,0,0,0,0,0,0,0,OK,50,80,0,0,0,0,0,0,0,0,0,0,0,0,0,0,0,0,0,0,0,0,290
Jake Moody,K,28,25,73,210,0,0,0,0,0,0,0,OK,50,80,0,0,0,0,0,0,0,0,0,0,0,0,0,0,0,0,0,0,0,0,291
Skyy Moore,WR,28,26,70,195,0,0,0,0,0,0,0,OK,50,80,0,0,0,0,0,0,0,0,0,0,0,0,0,0,0,0,0,0,0,0,292
Thomas Morstead,P,28,39,76,225,0,0,0,0,0,0,0,OK,50,80,0,0,0,0,0,0,0,0,0,0,0,0,0,0,0,0,0,0,0,0,293
Drew Moss,OL,28,25,75,303,0,0,0,0,0,0,0,OK,50,80,0,0,0,0,0,0,0,0,0,0,0,0,0,0,0,0,0,0,0,0,294
Malik Mustapha,SAF,28,24,70,206,0,0,0,0,0,0,0,OK,50,80,0,0,0,0,0,0,0,0,0,0,0,0,0,0,0,0,0,0,0,0,295
Siran Neal,CB,28,30,72,206,0,0,0,0,0,0,0,OK,50,80,0,0,0,0,0,0,0,0,0,0,0,0,0,0,0,0,0,0,0,0,296
Drake Nugent,C,28,23,73,300,0,0,0,0,0,0,0,OK,50,80,0,0,0,0,0,0,0,0,0,0,0,0,0,0,0,0,0,0,0,0,297
Sam Okuayinonu,DT,28,25,73,269,0,0,0,0,0,0,0,OK,50,80,0,0,0,0,0,0,0,0,0,0,0,0,0,0,0,0,0,0,0,0,298
Brandon Parker,OT,28,30,80,320,0,0,0,0,0,0,0,OK,50,80,0,0,0,0,0,0,0,0,0,0,0,0,0,0,0,0,0,0,0,0,299
Ricky Pearsall,WR,28,24,73,189,0,0,0,0,0,0,0,OK,50,80,0,0,0,0,0,0,0,0,0,0,0,0,0,0,0,0,0,0,0,0,300
Eddy Pineiro,K,28,30,71,190,0,0,0,0,0,0,0,OK,50,80,0,0,0,0,0,0,0,0,0,0,0,0,0,0,0,0,0,0,0,0,301
Jason Pinnock,SAF,28,27,72,200,0,0,0,0,0,0,0,OK,50,80,0,0,0,0,0,0,0,0,0,0,0,0,0,0,0,0,0,0,0,0,302
Austen Pleasants,OL,28,23,79,330,0,0,0,0,0,0,0,OK,50,80,0,0,0,0,0,0,0,0,0,0,0,0,0,0,0,0,0,0,0,0,303
Dominick Puni,OT,28,24,77,313,0,0,0,0,0,0,0,OK,50,80,0,0,0,0,0,0,0,0,0,0,0,0,0,0,0,0,0,0,0,0,304
Brock Purdy,QB,28,26,73,220,0,0,0,0,0,0,0,OK,50,80,0,0,0,0,0,0,0,0,0,0,0,0,0,0,0,0,0,0,0,0,305
Curtis Robinson,LB,28,26,75,235,0,0,0,0,0,0,0,OK,50,80,0,0,0,0,0,0,0,0,0,0,0,0,0,0,0,0,0,0,0,0,306
Demarcus Robinson,WR,28,32,73,203,0,0,0,0,0,0,0,OK,50,80,0,0,0,0,0,0,0,0,0,0,0,0,0,0,0,0,0,0,0,0,307
Jakob Robinson,CB,28,25,70,181,0,0,0,0,0,0,0,OK,50,80,0,0,0,0,0,0,0,0,0,0,0,0,0,0,0,0,0,0,0,0,308
Brian Robinson,RB,28,24,73,225,0,0,0,0,0,0,0,OK,50,80,0,0,0,0,0,0,0,0,0,0,0,0,0,0,0,0,0,0,0,0,309
Kurtis Rourke,QB,28,25,76,221,0,0,0,0,0,0,0,OK,50,80,0,0,0,0,0,0,0,0,0,0,0,0,0,0,0,0,0,0,0,0,310
Marques Sigle,SAF,28,25,71,199,0,0,0,0,0,0,0,OK,50,80,0,0,0,0,0,0,0,0,0,0,0,0,0,0,0,0,0,0,0,0,311
Upton Stout,CB,28,25,69,182,0,0,0,0,0,0,0,OK,50,80,0,0,0,0,0,0,0,0,0,0,0,0,0,0,0,0,0,0,0,0,312
Messiah Swinson,TE,28,23,79,259,0,0,0,0,0,0,0,OK,50,80,0,0,0,0,0,0,0,0,0,0,0,0,0,0,0,0,0,0,0,0,313
Patrick Taylor,RB,28,27,73,217,0,0,0,0,0,0,0,OK,50,80,0,0,0,0,0,0,0,0,0,0,0,0,0,0,0,0,0,0,0,0,314
Trent Taylor,WR,28,29,68,180,0,0,0,0,0,0,0,OK,50,80,0,0,0,0,0,0,0,0,0,0,0,0,0,0,0,0,0,0,0,0,315
Jake Tonges,TE,28,25,76,240,0,0,0,0,0,0,0,OK,50,80,0,0,0,0,0,0,0,0,0,0,0,0,0,0,0,0,0,0,0,0,316
Malik Turner,WR,28,27,74,202,0,0,0,0,0,0,0,OK,50,80,0,0,0,0,0,0,0,0,0,0,0,0,0,0,0,0,0,0,0,0,317
Marquez Valdes-Scantling,WR,28,30,76,206,0,0,0,0,0,0,0,OK,50,80,0,0,0,0,0,0,0,0,0,0,0,0,0,0,0,0,0,0,0,0,318
Sebastian Valdez,DE,28,25,75,301,0,0,0,0,0,0,0,OK,50,80,0,0,0,0,0,0,0,0,0,0,0,0,0,0,0,0,0,0,0,0,319
Fred Warner,MLB,28,30,75,230,0,0,0,0,0,0,0,OK,50,80,0,0,0,0,0,0,0,0,0,0,0,0,0,0,0,0,0,0,0,0,320
Jordan Watkins,WR,28,25,71,196,0,0,0,0,0,0,0,OK,50,80,0,0,0,0,0,0,0,0,0,0,0,0,0,0,0,0,0,0,0,0,321
Jon Weeks,LS,28,38,70,242,0,0,0,0,0,0,0,OK,50,80,0,0,0,0,0,0,0,0,0,0,0,0,0,0,0,0,0,0,0,0,322
CJ West,DT,28,25,73,316,0,0,0,0,0,0,0,OK,50,80,0,0,0,0,0,0,0,0,0,0,0,0,0,0,0,0,0,0,0,0,323
Mykel Williams,DE,28,25,77,267,0,0,0,0,0,0,0,OK,50,80,0,0,0,0,0,0,0,0,0,0,0,0,0,0,0,0,0,0,0,0,324
Trent Williams,OT,28,38,77,320,0,0,0,0,0,0,0,OK,50,80,0,0,0,0,0,0,0,0,0,0,0,0,0,0,0,0,0,0,0,0,325
Brayden Willis,TE,28,25,76,240,0,0,0,0,0,0,0,OK,50,80,0,0,0,0,0,0,0,0,0,0,0,0,0,0,0,0,0,0,0,0,326
Dee Winters,LB,28,25,71,227,0,0,0,0,0,0,0,OK,50,80,0,0,0,0,0,0,0,0,0,0,0,0,0,0,0,0,0,0,0,0,327
Nick Zakelj,OT,28,26,78,316,0,0,0,0,0,0,0,OK,50,80,0,0,0,0,0,0,0,0,0,0,0,0,0,0,0,0,0,0,0,0,328
Kilian Zierer,OT,28,24,79,312,0,0,0,0,0,0,0,OK,50,80,0,0,0,0,0,0,0,0,0,0,0,0,0,0,0,0,0,0,0,0,329
